word,stream
Commerce,Commerce
Business,Commerce
Accounting,Commerce
Finance,Commerce
Economics,Commerce
Banking,Commerce
Marketing,Commerce
Management,Commerce
Entrepreneurship,Commerce
Taxation,Commerce
Auditing,Commerce
Investment,Commerce
Trading,Commerce
Stock Market,Commerce
Share Market,Commerce
Mutual Funds,Commerce
Insurance,Commerce
Retail,Commerce
Wholesale,Commerce
E-Commerce,Commerce
Import Export,Commerce
Human Resource,Commerce
Business Analytics,Commerce
Data Analysis,Commerce
Financial Analysis,Commerce
Cost Accounting,Commerce
Corporate Finance,Commerce
Business Law,Commerce
Company Law,Commerce
GST,Commerce
Income Tax,Commerce
Tally,Commerce
Excel,Commerce
Bookkeeping,Commerce
Payroll,Commerce
Budgeting,Commerce
Forecasting,Commerce
Sales,Commerce
Digital Marketing,Commerce
Advertising,Commerce
Brand Management,Commerce
Market Research,Commerce
Consumer Behavior,Commerce
Supply Chain,Commerce
Logistics,Commerce
Operations Management,Commerce
International Business,Commerce
Retail Management,Commerce
Risk Management,Commerce
Wealth Management,Commerce
Financial Planning,Commerce
Asset Management,Commerce
Public Relations,Commerce
Business Communication,Commerce
Leadership,Commerce
Startup,Commerce
Business Strategy,Commerce
Commerce Stream,Commerce
Commerce Student,Commerce
CA,Commerce
Chartered Accountant,Commerce
CS,Commerce
Company Secretary,Commerce
CMA,Commerce
Cost Management Accountant,Commerce
MBA,Commerce
BBA,Commerce
BCom,Commerce
MCom,Commerce
Economist,Commerce
Bank Manager,Commerce
Financial Advisor,Commerce
Investment Banker,Commerce
Stock Broker,Commerce
Tax Consultant,Commerce
Auditor,Commerce
Business Consultant,Commerce
HR Manager,Commerce
Marketing Manager,Commerce
Sales Manager,Commerce
Relationship Manager,Commerce
Accountant,Commerce
Data Entry,Commerce
Office Management,Commerce
Customer Service,Commerce
Client Handling,Commerce
Business Development,Commerce
Corporate Sector,Commerce
Private Sector,Commerce
Public Sector,Commerce
Accounting Software,Commerce
SAP,Commerce
ERP,Commerce
QuickBooks,Commerce
Zoho Books,Commerce
MS Office,Commerce
Spreadsheet,Commerce
Invoice,Commerce
Balance Sheet,Commerce
Profit and Loss,Commerce
Assets,Commerce
Liabilities,Commerce
Equity,Commerce
Capital,Commerce
Revenue,Commerce
Expenses,Commerce
Cash Flow,Commerce
Ledger,Commerce
Journal Entry,Commerce
Trial Balance,Commerce
Depreciation,Commerce
Inventory,Commerce
Invoice Management,Commerce
Purchase Order,Commerce
Business Intelligence,Commerce
Financial Technology,Commerce
FinTech,Commerce
Cryptocurrency,Commerce
Blockchain,Commerce
Online Banking,Commerce
Digital Payments,Commerce
UPI,Commerce
Business Ethics,Commerce
Commercial Law,Commerce
Business Mathematics,Commerce
Statistics,Commerce
Economic Growth,Commerce
Demand,Commerce
Supply,Commerce
Inflation,Commerce
GDP,Commerce
Fiscal Policy,Commerce
Monetary Policy,Commerce
International Trade,Commerce
Foreign Exchange,Commerce
Forex,Commerce
Import Duty,Commerce
Export Business,Commerce
Business Negotiation,Commerce
Commercial Banking,Commerce
Investment Analysis,Commerce
Equity Research,Commerce
Portfolio Management,Commerce
Venture Capital,Commerce
Angel Investor,Commerce
Startup Funding,Commerce
Business Model,Commerce
Business Operations,Commerce
Corporate Governance,Commerce
Business Administration,Commerce
Commercial Studies,Commerce
Office Administration,Commerce
Retail Banking,Commerce
Mobile Banking,Commerce
Business Technology,Commerce
Financial Modeling,Commerce
Data Visualization,Commerce
Power BI,Commerce
Business Reporting,Commerce
MIS,Commerce
Commerce Education,Commerce
Corporate Accounting,Commerce
Merchant Banking,Commerce
Commercial Taxes,Commerce
Payroll Management,Commerce
Recruitment,Commerce
Employee Management,Commerce
Organizational Behavior,Commerce
Industrial Relations,Commerce
Business Statistics,Commerce
Business Environment,Commerce
Strategic Management,Commerce
Financial Reporting,Commerce
Corporate Tax,Commerce
Indirect Tax,Commerce
Direct Tax,Commerce
Financial Statements,Commerce
Cost Control,Commerce
Management Accounting,Commerce
Business Economics,Commerce
Trade,Commerce
Commerce Industry,Commerce
Business Studies,Commerce
Retail Industry,Commerce
Commercial Sector,Commerce
Online Business,Commerce
Dropshipping,Commerce
Affiliate Marketing,Commerce
Social Media Marketing,Commerce
SEO,Commerce
Content Marketing,Commerce
Email Marketing,Commerce
Business Automation,Commerce
Business Software,Commerce
CRM,Commerce
Customer Relationship Management,Commerce
Telecalling,Commerce
Business Networking,Commerce
Negotiation Skills,Commerce
Presentation Skills,Commerce
Professional Communication,Commerce
Commercial Awareness,Commerce
Bank Exams,Commerce
SSC CGL,Commerce
IBPS,Commerce
RBI,Commerce
SEBI,Commerce
NSE,Commerce
BSE,Commerce
Financial Literacy,Commerce
Business Innovation,Commerce
Corporate World,Commerce
Economic Research,Commerce
Business Forecasting,Commerce
Procurement,Commerce
Vendor Management,Commerce
Commercial Analyst,Commerce
Tax Filing,Commerce
Financial Audit,Commerce
Internal Audit,Commerce
External Audit,Commerce
Business Consultant,Commerce
Franchise,Commerce
Business Expansion,Commerce
Corporate Training,Commerce
Business Intelligence Analyst,Commerce
Financial Consultant,Commerce
Business Planner,Commerce
Financial Services,Commerce
Commercial Operations,Commerce
Trade Finance,Commerce
Bank Clerk,Commerce
Probationary Officer,Commerce
Loan Officer,Commerce
Credit Analyst,Commerce
Relationship Banking,Commerce
Treasury Management,Commerce
Corporate Sales,Commerce
Retail Sales,Commerce
Insurance Advisor,Commerce
Actuarial Science,Commerce
Investment Planning,Commerce
Business Process,Commerce
Business Risk,Commerce
Commercial Finance,Commerce
Trade Analyst,Commerce
Market Trend,Commerce
Commercial Economics,Commerce
Business Startup,Commerce
SME,Commerce
Microfinance,Commerce
Commercial Communication,Commerce
Office Executive,Commerce
Commercial Documentation,Commerce
Inventory Management,Commerce
Vendor Relations,Commerce
Procurement Management,Commerce
Import Documentation,Commerce
Export Documentation,Commerce
Corporate Communication,Commerce
Business Research,Commerce
Strategic Planning,Commerce
Business Growth,Commerce
Commercial Accounting,Commerce
Cash Management,Commerce
Commercial Banking Services,Commerce
Enterprise Management,Commerce
Commerce Technology,Commerce
Business Computing,Commerce
Financial Accounting,Commerce
Corporate Finance,Commerce
Trade Management,Commerce
Retail Operations,Commerce
Business Finance,Commerce
Financial Services,Commerce
Commercial Activities,Commerce
Tax Planning,Commerce
Tax Management,Commerce
Economic Planning,Commerce
Bank Transactions,Commerce
Commercial Transactions,Commerce
Capital Market,Commerce
Debt Market,Commerce
Credit Management,Commerce
Business Funding,Commerce
Financial Security,Commerce
Commercial Enterprise,Commerce
Business Ownership,Commerce
Partnership Firm,Commerce
Sole Proprietorship,Commerce
Private Limited,Commerce
Public Limited,Commerce
Business Organization,Commerce
Commercial Policy,Commerce
Business Competition,Commerce
Commercial Strategy,Commerce
Customer Acquisition,Commerce
Lead Generation,Commerce
Revenue Generation,Commerce
Financial Records,Commerce
Account Management,Commerce
Commercial Software,Commerce
Digital Commerce,Commerce
Online Transactions,Commerce
Payment Gateway,Commerce
E-Business,Commerce
Virtual Banking,Commerce
Mobile Wallet,Commerce
Internet Banking,Commerce
Business Innovation,Commerce
Commercial Development,Commerce
Market Expansion,Commerce
Business Solutions,Commerce
Financial Dashboard,Commerce
Financial Forecast,Commerce
Commercial Data,Commerce
Business Intelligence Tools,Commerce
Corporate Sector Jobs,Commerce
Commercial Careers,Commerce
Business Operations Executive,Commerce
Account Executive,Commerce
Finance Executive,Commerce
Commercial Officer,Commerce
Trade Specialist,Commerce
Export Manager,Commerce
Import Manager,Commerce
Business Advisor,Commerce
Commercial Advisor,Commerce
Financial Expert,Commerce
Business Planner,Commerce
Commercial Consultant,Commerce
Economic Advisor,Commerce
Investment Consultant,Commerce
Portfolio Analyst,Commerce
Market Analyst,Commerce
Commercial Analyst,Commerce
Revenue Analyst,Commerce
Business Analyst,Commerce
Commerce Professional,Commerce
Financial Officer,Commerce
Accounting Executive,Commerce
Corporate Executive,Commerce
Commercial Management,Commerce
Business Supervision,Commerce
Trade Commerce,Commerce
Retail Commerce,Commerce
Business Services,Commerce
Commercial Applications,Commerce
Commercial Awareness,Commerce
Business Leadership,Commerce
Business Communication Skills,Commerce
Corporate Planning,Commerce
Business Administration Skills,Commerce
Office Coordination,Commerce
Financial Calculations,Commerce
Commercial Mathematics,Commerce
Accounting Principles,Commerce
Corporate Reporting,Commerce
Financial Documentation,Commerce
Business Presentation,Commerce
Corporate Culture,Commerce
Business Networking Skills,Commerce
Market Understanding,Commerce
Business Understanding,Commerce
Trade Practices,Commerce
Commercial Environment,Commerce
Business Trends,Commerce
Economic Trends,Commerce
Commercial Research,Commerce
Financial Research,Commerce
Corporate Analysis,Commerce
Commerce Knowledge,Commerce
Commercial Skills,Commerce
Business Ethics Management,Commerce
Commercial Regulations,Commerce
Trade Policies,Commerce
Commercial Banking System,Commerce
Investment Strategy,Commerce
Financial Growth,Commerce
Corporate Investment,Commerce
Business Accounting,Commerce
Accounting Management,Commerce
Trade Economics,Commerce
Corporate Auditing,Commerce
Business Taxation,Commerce
Financial Operations,Commerce
Corporate Operations,Commerce
Commercial Documentation,Commerce
Business Transactions,Commerce
Financial Assets,Commerce
Corporate Liabilities,Commerce
Business Revenue,Commerce
Business Profit,Commerce
Commercial Profit,Commerce
Trade Revenue,Commerce
Business Expenses,Commerce
Commerce Industry Skills,Commerce
Financial Literacy Skills,Commerce
Business Problem Solving,Commerce
Business Decision Making,Commerce
Economic Analysis,Commerce
Corporate Strategy,Commerce
Business Risk Management,Commerce
Financial Management System,Commerce
Commercial Education,Commerce
Trade Knowledge,Commerce
Corporate Affairs,Commerce
Business Consultancy,Commerce
Professional Accounting,Commerce
Financial Administration,Commerce
Corporate Planning Executive,Commerce
Commercial Processing,Commerce
Enterprise Development,Commerce
Business Expansion Strategy,Commerce
Financial Transactions,Commerce
Commercial Technology,Commerce
Business Process Management,Commerce
Financial Computing,Commerce
Commercial Innovation,Commerce
Business Productivity,Commerce
Corporate Relations,Commerce
Corporate Services,Commerce
Business Resources,Commerce
Economic Development,Commerce
Business Evaluation,Commerce
Financial Assessment,Commerce
Commercial Auditing,Commerce
Trade Communication,Commerce
Business Relations,Commerce
Customer Retention,Commerce
Business Promotion,Commerce
Sales Promotion,Commerce
Retail Promotion,Commerce
Commercial Marketing,Commerce
Financial Market,Commerce
Commercial Investment,Commerce
Trade Business,Commerce
Business Capital,Commerce
Corporate Banking,Commerce
Financial Institutions,Commerce
Commercial Institutions,Commerce
Business Analytics Tools,Commerce
Data Reporting,Commerce
Financial Charts,Commerce
Business Metrics,Commerce
Commercial Metrics,Commerce
Profit Analysis,Commerce
Loss Analysis,Commerce
Corporate Budgeting,Commerce
Expense Tracking,Commerce
Cash Transactions,Commerce
Business Monitoring,Commerce
Financial Monitoring,Commerce
Corporate Governance System,Commerce
Commercial Planning,Commerce
Business Accounting Software,Commerce
Digital Transactions,Commerce
Corporate Communication Skills,Commerce
Economic Management,Commerce
Business Scheduling,Commerce
Trade Management System,Commerce
Commercial Finance System,Commerce
Business Compliance,Commerce
Commercial Compliance,Commerce
Trade Forecasting,Commerce
Business Workflow,Commerce
Business Resources Management,Commerce
Commercial Administration,Commerce
Corporate Management,Commerce
Trade Administration,Commerce
Business Policies,Commerce
Business Procedures,Commerce
Financial Procedures,Commerce
Business Standards,Commerce
Corporate Standards,Commerce
Financial Services Industry,Commerce
Trade Services,Commerce
Retail Services,Commerce
Commercial Services,Commerce
Business Performance,Commerce
Corporate Performance,Commerce
Market Competition,Commerce
Commercial Productivity,Commerce
Business Efficiency,Commerce
Commercial Accounting System,Commerce
Trade Analysis,Commerce
Financial Analytics,Commerce
Business Documentation,Commerce
Corporate Documentation,Commerce
Office Finance,Commerce
Business Support,Commerce
Corporate Support,Commerce
Financial Support Services,Commerce
Business Startup Planning,Commerce
Trade Expansion,Commerce
Retail Expansion,Commerce
Commercial Expansion,Commerce
Business Vision,Commerce
Corporate Vision,Commerce
Financial Strategy,Commerce
Business Goals,Commerce
Commercial Goals,Commerce
Trade Opportunities,Commerce
Business Opportunities,Commerce
Commercial Success,Commerce
Financial Success,Commerce
Business Career,Commerce
Commerce Career,Commerce
Corporate Career,Commerce
Trade Career,Commerce
Retail Career,Commerce
Finance Career,Commerce
Accounting Career,Commerce
Marketing Career,Commerce
Banking Career,Commerce
Investment Career,Commerce
Commercial Intelligence,Commerce
Business Ecosystem,Commerce
Economic Structure,Commerce
Trade Cycle,Commerce
Commercial Workflow,Commerce
Business Framework,Commerce
Corporate Ecosystem,Commerce
Financial Ecosystem,Commerce
Business Digitization,Commerce
Commercial Automation,Commerce
Corporate Analytics,Commerce
Enterprise Analytics,Commerce
Commercial Computing,Commerce
Business Informatics,Commerce
Economic Intelligence,Commerce
Trade Optimization,Commerce
Business Scalability,Commerce
Commercial Scalability,Commerce
Corporate Expansion,Commerce
Revenue Optimization,Commerce
Profit Maximization,Commerce
Financial Optimization,Commerce
Commercial Forecasting,Commerce
Economic Forecasting,Commerce
Business Transformation,Commerce
Digital Transformation,Commerce
Commercial Transformation,Commerce
Enterprise Transformation,Commerce
Business Modernization,Commerce
Commercial Networking,Commerce
Enterprise Networking,Commerce
Corporate Integration,Commerce
Commercial Integration,Commerce
Business Collaboration,Commerce
Trade Collaboration,Commerce
Commercial Collaboration,Commerce
Business Innovation Lab,Commerce
Startup Ecosystem,Commerce
Commercial Ventures,Commerce
Corporate Ventures,Commerce
Business Accelerator,Commerce
Startup Incubator,Commerce
Business Pitching,Commerce
Investment Pitch,Commerce
Investor Relations,Commerce
Corporate Relations Management,Commerce
Commercial Partnerships,Commerce
Strategic Partnerships,Commerce
Business Alliances,Commerce
Trade Alliances,Commerce
Economic Stability,Commerce
Financial Stability,Commerce
Commercial Stability,Commerce
Corporate Stability,Commerce
Business Sustainability,Commerce
Commercial Sustainability,Commerce
Financial Sustainability,Commerce
Economic Sustainability,Commerce
Trade Sustainability,Commerce
Commercial Branding,Commerce
Business Branding,Commerce
Corporate Branding,Commerce
Personal Branding,Commerce
Brand Strategy,Commerce
Brand Awareness,Commerce
Brand Promotion,Commerce
Trade Promotion,Commerce
Corporate Advertising,Commerce
Business Advertising,Commerce
Digital Advertising,Commerce
Commercial Campaign,Commerce
Marketing Campaign,Commerce
Business Campaign,Commerce
Consumer Marketing,Commerce
Retail Marketing,Commerce
Product Marketing,Commerce
Service Marketing,Commerce
Financial Marketing,Commerce
Commercial Sales,Commerce
Sales Funnel,Commerce
Customer Funnel,Commerce
Sales Strategy,Commerce
Business Negotiation Skills,Commerce
Trade Negotiation,Commerce
Corporate Negotiation,Commerce
Commercial Contracts,Commerce
Trade Agreements,Commerce
Business Agreements,Commerce
Financial Agreements,Commerce
Business Documentation System,Commerce
Commercial Recordkeeping,Commerce
Corporate Recordkeeping,Commerce
Business Filing,Commerce
Tax Filing System,Commerce
Financial Filing,Commerce
Commercial Filing,Commerce
Business Licensing,Commerce
Commercial Licensing,Commerce
Trade Licensing,Commerce
Corporate Registration,Commerce
Startup Registration,Commerce
Business Certification,Commerce
Commercial Certification,Commerce
Trade Certification,Commerce
Business Verification,Commerce
Financial Verification,Commerce
Commercial Verification,Commerce
Corporate Verification,Commerce
Commercial Audits,Commerce
Financial Compliance,Commerce
Trade Compliance,Commerce
Business Compliance System,Commerce
Corporate Accountability,Commerce
Business Accountability,Commerce
Commercial Accountability,Commerce
Financial Transparency,Commerce
Commercial Transparency,Commerce
Corporate Transparency,Commerce
Trade Monitoring,Commerce
Business Monitoring System,Commerce
Commercial Tracking,Commerce
Financial Tracking,Commerce
Trade Reporting,Commerce
Corporate Reporting System,Commerce
Business Reports,Commerce
Financial Reports,Commerce
Commercial Reports,Commerce
Economic Reports,Commerce
Annual Reports,Commerce
Quarterly Reports,Commerce
Business Insights,Commerce
Commercial Insights,Commerce
Financial Insights,Commerce
Economic Insights,Commerce
Business Dashboard,Commerce
Commercial Dashboard,Commerce
Corporate Dashboard,Commerce
Financial Dashboard System,Commerce
Business Metrics Analysis,Commerce
Commercial Statistics,Commerce
Business Indicators,Commerce
Financial Indicators,Commerce
Trade Indicators,Commerce
Economic Indicators,Commerce
Business KPIs,Commerce
Corporate KPIs,Commerce
Commercial KPIs,Commerce
Trade Metrics,Commerce
Commercial Performance,Commerce
Trade Performance,Commerce
Economic Performance,Commerce
Business Growth Analysis,Commerce
Commercial Growth,Commerce
Revenue Streams,Commerce
Income Streams,Commerce
Business Portfolio,Commerce
Financial Portfolio,Commerce
Investment Portfolio,Commerce
Corporate Portfolio,Commerce
Trade Portfolio,Commerce
Commercial Assets,Commerce
Corporate Assets,Commerce
Financial Capital,Commerce
Working Capital,Commerce
Business Equity,Commerce
Trade Equity,Commerce
Commercial Equity,Commerce
Corporate Shares,Commerce
Business Shares,Commerce
Shareholding,Commerce
Equity Holding,Commerce
Investment Holding,Commerce
Corporate Securities,Commerce
Financial Securities,Commerce
Debt Financing,Commerce
Equity Financing,Commerce
Business Financing,Commerce
Commercial Financing,Commerce
Trade Financing,Commerce
Corporate Lending,Commerce
Business Lending,Commerce
Credit Financing,Commerce
Financial Borrowing,Commerce
Corporate Borrowing,Commerce
Business Credit,Commerce
Commercial Credit,Commerce
Trade Credit,Commerce
Creditworthiness,Commerce
Credit Score,Commerce
Loan Management,Commerce
Corporate Loans,Commerce
Business Loans,Commerce
Trade Loans,Commerce
Financial Recovery,Commerce
Debt Recovery,Commerce
Commercial Recovery,Commerce
Corporate Recovery,Commerce
Investment Recovery,Commerce
Trade Recovery,Commerce
Business Settlement,Commerce
Financial Settlement,Commerce
Commercial Settlement,Commerce
Corporate Settlement,Commerce
Payment Processing,Commerce
Digital Payments System,Commerce
Transaction Processing,Commerce
Commercial Transactions System,Commerce
Trade Settlement,Commerce
Invoice Processing,Commerce
Expense Management,Commerce
Revenue Management,Commerce
Business Management System,Commerce
Commercial Management System,Commerce
Financial Planning System,Commerce
Business Resource Planning,Commerce
Enterprise Resource Planning,Commerce
Customer Experience,Commerce
Customer Satisfaction,Commerce
Customer Engagement,Commerce
Customer Acquisition Strategy,Commerce
Customer Retention Strategy,Commerce
Business Outreach,Commerce
Commercial Outreach,Commerce
Corporate Outreach,Commerce
Sales Outreach,Commerce
Trade Outreach,Commerce
Business Expansion Plan,Commerce
Commercial Expansion Plan,Commerce
Corporate Expansion Plan,Commerce
Global Trade,Commerce
International Commerce,Commerce
Cross Border Trade,Commerce
International Marketing,Commerce
Global Marketing,Commerce
Global Business,Commerce
International Finance,Commerce
Global Finance,Commerce
Trade Economics System,Commerce
Commercial Economics System,Commerce
Corporate Economics,Commerce
Business Economics System,Commerce
Retail Economics,Commerce
Financial Economics,Commerce
Market Economics,Commerce
Commercial Geography,Commerce
Trade Geography,Commerce
Business Geography,Commerce
Corporate Environment,Commerce
Commercial Environment System,Commerce
Business Environment Analysis,Commerce
Economic Environment,Commerce
Business Climate,Commerce
Commercial Climate,Commerce
Market Conditions,Commerce
Economic Conditions,Commerce
Corporate Conditions,Commerce
Trade Conditions,Commerce
Market Demand,Commerce
Market Supply,Commerce
Consumer Demand,Commerce
Business Supply Chain,Commerce
Commercial Supply Chain,Commerce
Corporate Logistics,Commerce
Trade Logistics,Commerce
Warehouse Management,Commerce
Inventory Control,Commerce
Stock Control,Commerce
Retail Inventory,Commerce
Commercial Inventory,Commerce
Product Distribution,Commerce
Goods Distribution,Commerce
Trade Distribution,Commerce
Business Distribution,Commerce
Corporate Procurement,Commerce
Commercial Procurement,Commerce
Supplier Management,Commerce
Vendor Coordination,Commerce
Business Coordination,Commerce
Corporate Coordination,Commerce
Commercial Supervision,Commerce
Trade Administration System,Commerce
Business Administration System,Commerce
Corporate Administration,Commerce
Commercial Operations System,Commerce
Trade Operations,Commerce
Business Operations System,Commerce
Corporate Workflow,Commerce
Commercial Workflow System,Commerce
Trade Workflow,Commerce
Operational Efficiency,Commerce
Business Efficiency System,Commerce
Commercial Productivity System,Commerce
Trade Productivity,Commerce
Business Intelligence Platform,Commerce
Commercial Data Analysis,Commerce
Financial Data Analysis,Commerce
Corporate Data Management,Commerce
Business Data Management,Commerce
Economic Data Analysis,Commerce
Business Modeling,Commerce
Financial Modeling System,Commerce
Commercial Modeling,Commerce
Trade Modeling,Commerce
Predictive Analytics,Commerce
Business Forecast Models,Commerce
Commercial Prediction,Commerce
Trade Prediction,Commerce
Financial Prediction,Commerce
Corporate Decision Making,Commerce
Business Decisions,Commerce
Commercial Decisions,Commerce
Strategic Decisions,Commerce
Economic Decisions,Commerce
Trade Decisions,Commerce
Business Leadership Skills,Commerce
Corporate Leadership,Commerce
Commercial Leadership,Commerce
Executive Leadership,Commerce
Trade Leadership,Commerce
Management Skills,Commerce
Executive Management,Commerce
Corporate Supervision,Commerce
Commercial Direction,Commerce
Trade Supervision,Commerce
Organizational Management,Commerce
Commercial Organization,Commerce
Corporate Organization,Commerce
Business Development Strategy,Commerce
Corporate Development,Commerce
Commercial Development Strategy,Commerce
Business Evolution,Commerce
Corporate Evolution,Commerce
Commercial Evolution,Commerce
Trade Innovation,Commerce
Business Creativity,Commerce
Corporate Creativity,Commerce
Economic Innovation,Commerce
Commercial Ideation,Commerce
Business Strategy Planning,Commerce
Commercial Strategic Planning,Commerce
Corporate Strategic Planning,Commerce
Trade Strategy Planning,Commerce
Business Research System,Commerce
Commercial Research System,Commerce
Financial Research System,Commerce
Corporate Research,Commerce
Trade Research,Commerce
Market Research System,Commerce
Consumer Analysis,Commerce
Customer Analysis,Commerce
Financial Assessment System,Commerce
Business Assessment,Commerce
Commercial Assessment,Commerce
Corporate Assessment,Commerce
Economic Assessment,Commerce
Business Evaluation System,Commerce
Commercial Evaluation,Commerce
Corporate Evaluation,Commerce
Trade Evaluation,Commerce
Business Excellence,Commerce
Commercial Excellence,Commerce
Corporate Excellence,Commerce
Trade Excellence,Commerce
Business Achievement,Commerce
Commercial Achievement,Commerce
Corporate Achievement,Commerce
Trade Achievement,Commerce
Business Success Strategy,Commerce
Commercial Success Strategy,Commerce
Corporate Success,Commerce
Trade Success,Commerce
Financial Prosperity,Commerce
Commercial Prosperity,Commerce
Economic Prosperity,Commerce
Business Opportunities System,Commerce
Commercial Opportunities,Commerce
Corporate Opportunities,Commerce
Trade Opportunities System,Commerce
Business Advancement,Commerce
Commercial Advancement,Commerce
Corporate Advancement,Commerce
Trade Advancement,Commerce
Business Future,Commerce
Commercial Future,Commerce
Corporate Future,Commerce
Trade Future,Commerce
Science,Science
Physics,Science
Chemistry,Science
Biology,Science
Mathematics,Science
Computer Science,Science
Environmental Science,Science
Earth Science,Science
Astronomy,Science
Astrophysics,Science
Quantum Physics,Science
Nuclear Physics,Science
Thermodynamics,Science
Mechanics,Science
Optics,Science
Electromagnetism,Science
Electricity,Science
Magnetism,Science
Waves,Science
Sound,Science
Light,Science
Motion,Science
Force,Science
Energy,Science
Power,Science
Velocity,Science
Acceleration,Science
Gravity,Science
Momentum,Science
Pressure,Science
Temperature,Science
Heat,Science
Atoms,Science
Molecules,Science
Elements,Science
Compounds,Science
Periodic Table,Science
Chemical Reactions,Science
Organic Chemistry,Science
Inorganic Chemistry,Science
Physical Chemistry,Science
Analytical Chemistry,Science
Biochemistry,Science
Biotechnology,Science
Genetics,Science
DNA,Science
RNA,Science
Cells,Science
Tissues,Science
Organs,Science
Microbiology,Science
Botany,Science
Zoology,Science
Anatomy,Science
Physiology,Science
Neuroscience,Science
Ecology,Science
Evolution,Science
Biodiversity,Science
Human Body,Science
Skeleton,Science
Muscles,Science
Blood,Science
Heart,Science
Brain,Science
Lungs,Science
Kidney,Science
Digestive System,Science
Nervous System,Science
Respiratory System,Science
Immune System,Science
Hormones,Science
Protein,Science
Enzymes,Science
Carbohydrates,Science
Lipids,Science
Photosynthesis,Science
Respiration,Science
Bacteria,Science
Viruses,Science
Fungi,Science
Algae,Science
Microscope,Science
Telescope,Science
Laboratory,Science
Research,Science
Scientific Method,Science
Experiment,Science
Observation,Science
Hypothesis,Science
Theory,Science
Innovation,Science
Technology,Science
Engineering,Science
Robotics,Science
Artificial Intelligence,Science
Machine Learning,Science
Data Science,Science
Programming,Science
Coding,Science
Python,Science
Java,Science
C++,Science
Software Engineering,Science
Web Development,Science
App Development,Science
Cybersecurity,Science
Cloud Computing,Science
Blockchain,Science
IoT,Science
Automation,Science
Nanotechnology,Science
Biomedical Engineering,Science
Mechanical Engineering,Science
Civil Engineering,Science
Electrical Engineering,Science
Electronics,Science
Chemical Engineering,Science
Aerospace Engineering,Science
Genetic Engineering,Science
Environmental Engineering,Science
Industrial Engineering,Science
Renewable Energy,Science
Solar Energy,Science
Wind Energy,Science
Hydroelectricity,Science
Nuclear Energy,Science
Space Science,Science
Satellite,Science
Rocket,Science
Spacecraft,Science
Mars,Science
Moon,Science
Universe,Science
Galaxy,Science
Black Hole,Science
Planet,Science
Solar System,Science
Meteorology,Science
Climate Change,Science
Weather,Science
Geology,Science
Minerals,Science
Rocks,Science
Volcano,Science
Earthquake,Science
Oceanography,Science
Agricultural Science,Science
Food Technology,Science
Forensic Science,Science
Medical Science,Science
Health Science,Science
Veterinary Science,Science
Pharmacy,Science
Medicine,Science
Doctor,Science
Scientist,Science
Research Scientist,Science
Lab Technician,Science
Engineer,Science
Astronaut,Science
Inventor,Science
Innovation Lab,Science
STEM,Science
Science Stream,Science
JEE,Science
NEET,Science
Medical Entrance,Science
Engineering Entrance,Science
Scientific Calculator,Science
Laboratory Equipment,Science
Test Tube,Science
Beaker,Science
Chemical Formula,Science
Equation,Science
Mathematical Formula,Science
Algebra,Science
Geometry,Science
developer,Science
Trigonometry,Science
Calculus,Science
Statistics,Science
Probability,Science
Data Analysis,Science
Algorithms,Science
Computing,Science
Operating System,Science
Database,Science
Networking,Science
Semiconductor,Science
Microprocessor,Science
Circuit,Science
Voltage,Science
Current,Science
Resistance,Science
Capacitor,Science
Transistor,Science
Digital Electronics,Science
Analog Electronics,Science
Signal Processing,Science
3D Printing,Science
Drone Technology,Science
Virtual Reality,Science
Augmented Reality,Science
Scientific Research,Science
Scientific Discovery,Science
Scientific Innovation,Science
Scientific Analysis,Science
Scientific Observation,Science
Scientific Calculation,Science
Technical Skills,Science
Logical Thinking,Science
Problem Solving,Science
Critical Thinking,Science
Analytical Thinking,Science
Laboratory Research,Science
Clinical Research,Science
Space Exploration,Science
Biomedical Research,Science
Cancer Research,Science
Genomics,Science
Bioinformatics,Science
Artificial Neural Network,Science
Deep Learning,Science
Computer Vision,Science
Natural Language Processing,Science
Scientific Computing,Science
Quantum Computing,Science
Bioengineering,Science
Medical Technology,Science
Healthcare Technology,Science
Industrial Automation,Science
Renewable Technology,Science
Green Technology,Science
Scientific Instruments,Science
Innovation Center,Science
Research Lab,Science
Experimental Physics,Science
Particle Physics,Science
Molecular Biology,Science
Cell Biology,Science
Marine Biology,Science
Wildlife Biology,Science
Physics Lab,Science
Chemistry Lab,Science
Biology Lab,Science
Computer Lab,Science
Scientific Projects,Science
Science Exhibition,Science
STEM Education,Science
Scientific Temper,Science
Research Methodology,Science
Applied Science,Science
Pure Science,Science
Theoretical Physics,Science
Applied Physics,Science
Applied Mathematics,Science
Computational Science,Science
Scientific Applications,Science
Physics Numericals,Science
Chemical Analysis,Science
Scientific Data,Science
Scientific Visualization,Science
Scientific Programming,Science
Scientific Modeling,Science
Biophysics,Science
Geophysics,Science
Astrobiology,Science
Medical Imaging,Science
Radiology,Science
Pathology,Science
Immunology,Science
Parasitology,Science
Toxicology,Science
Public Health,Science
Nursing Science,Science
Dentistry,Science
MBBS,Science
BDS,Science
BAMS,Science
BHMS,Science
Nursing,Science
Physiotherapy,Science
Cardiology,Science
Dermatology,Science
Neurology,Science
Pediatrics,Science
Surgery,Science
Clinical Diagnostics,Science
Medical Laboratory,Science
Genetic Research,Science
Stem Cells,Science
Life Sciences,Science
Laboratory Testing,Science
Scientific Equipment,Science
Research Publication,Science
Innovation Hub,Science
Scientific Community,Science
Technical Education,Science
Science Education,Science
Research Internship,Science
Scientific Career,Science
Technology Innovation,Science
Engineering Design,Science
Product Development,Science
Prototype,Science
Scientific Simulation,Science
Advanced Mathematics,Science
Numerical Methods,Science
Scientific Experiments,Science
Physics Concepts,Science
Chemistry Concepts,Science
Biology Concepts,Science
Scientific Principles,Science
Scientific Laws,Science
Scientific Formula,Science
Scientific Reasoning,Science
Scientific Observation Skills,Science
Scientific Communication,Science
Scientific Documentation,Science
Technical Documentation,Science
Engineering Graphics,Science
CAD Design,Science
Embedded Systems,Science
Microcontroller,Science
Arduino,Science
Raspberry Pi,Science
Automation Systems,Science
Smart Technology,Science
Wireless Communication,Science
Telecommunication,Science
Network Engineering,Science
Software Testing,Science
Mobile Technology,Science
Digital Systems,Science
Scientific Advancement,Science
Future Technology,Science
Scientific Exploration,Science
Research and Development,Science
Innovation Technology,Science
Scientific Breakthrough,Science
Technical Innovation,Science
Aerodynamics,Science
Aeronautics,Science
Aeronautical Engineering,Science
Aerostatics,Science
Agrochemistry,Science
Agrophysics,Science
Algorithm Design,Science
Alternative Energy,Science
Analytical Physics,Science
Animal Biotechnology,Science
Applied Biotechnology,Science
Applied Mechanics,Science
Aquatic Science,Science
Artificial Satellites,Science
Atomic Structure,Science
Automation Engineering,Science
Avionics,Science
Behavioral Science,Science
Bioelectronics,Science
Biomathematics,Science
Biomechanics,Science
Biomimetics,Science
Biomolecular Engineering,Science
Bioprocess Engineering,Science
Biosensors,Science
Biostatistics,Science
Chemical Bonding,Science
Chemical Dynamics,Science
Chemical Kinetics,Science
Chemical Thermodynamics,Science
Chromatography,Science
Circadian Rhythm,Science
Climate Science,Science
Cognitive Science,Science
Combinatorics,Science
Computational Biology,Science
Computational Physics,Science
Cryogenics,Science
Crystallography,Science
Cybernetics,Science
Dark Matter,Science
Dark Energy,Science
Differential Equations,Science
Digital Logic,Science
Ecotoxicology,Science
Electrochemistry,Science
Electrodynamics,Science
Electrostatics,Science
Energy Conservation,Science
Engineering Mathematics,Science
Entomology,Science
Environmental Biotechnology,Science
Epidemiology,Science
Ethology,Science
Evolutionary Biology,Science
Fermentation Technology,Science
Fluid Dynamics,Science
Food Chemistry,Science
Fuel Technology,Science
Functional Genomics,Science
Fusion Energy,Science
Geochemistry,Science
Geodesy,Science
Geospatial Science,Science
Graph Theory,Science
Green Chemistry,Science
Habitat Ecology,Science
Heat Transfer,Science
Herpetology,Science
High Energy Physics,Science
Holography,Science
Hydrodynamics,Science
Hydrology,Science
Industrial Chemistry,Science
Information Theory,Science
Inorganic Analysis,Science
Instrumentation Engineering,Science
Laser Technology,Science
Limnology,Science
Linear Algebra,Science
Marine Ecology,Science
Material Science,Science
Mathematical Modeling,Science
Mathematical Physics,Science
Mechatronics,Science
Medical Biotechnology,Science
Metallurgy,Science
Meteor Science,Science
Mineralogy,Science
Molecular Genetics,Science
Mycology,Science
Neurobiology,Science
Nuclear Chemistry,Science
Ocean Engineering,Science
Optoelectronics,Science
Organic Synthesis,Science
Ornithology,Science
Paleobiology,Science
Paleontology,Science
Petrochemistry,Science
Photonics,Science
Planetary Science,Science
Polymer Chemistry,Science
Quantum Mechanics,Science
Radio Astronomy,Science
Radiochemistry,Science
Robotic Systems,Science
Semiconductor Physics,Science
Spectroscopy,Science
Structural Engineering,Science
Synthetic Biology,Science
System Engineering,Science
Thermal Engineering,Science
Thermochemistry,Science
Theoretical Chemistry,Science
Toxicology Research,Science
Urban Ecology,Science
Veterinary Biotechnology,Science
Virology Research,Science
Waste Management,Science
Water Purification,Science
Wave Mechanics,Science
Xenobiology,Science
Zero Gravity Research,Science
Acoustical Engineering,Science
Adaptive Systems,Science
Agricultural Biotechnology,Science
Air Pollution Control,Science
Applied Thermodynamics,Science
Atmospheric Physics,Science
Behavioral Genetics,Science
Biofabrication,Science
Biological Engineering,Science
Biomaterials,Science
Bionics,Science
Bioprocess Technology,Science
Catalysis,Science
Cellular Engineering,Science
Chemical Engineering Design,Science
Chemical Process Control,Science
Chemical Separation,Science
Climate Modeling,Science
Computational Mathematics,Science
Control Systems,Science
Cryobiology,Science
Data Engineering,Science
Desalination Technology,Science
Digital Signal Processing,Science
Earth Observation,Science
Ecological Restoration,Science
Electrical Machines,Science
Electromechanical Systems,Science
Electrophoresis,Science
Embedded Engineering,Science
Energy Storage,Science
Environmental Monitoring,Science
Finite Element Analysis,Science
Food Biotechnology,Science
Fuel Cell Technology,Science
Gene Editing,Science
Genetic Algorithms,Science
Geomorphology,Science
Grid Computing,Science
Hydraulic Engineering,Science
Industrial Robotics,Science
Laser Physics,Science
Machine Vision,Science
Magnetic Resonance,Science
Manufacturing Technology,Science
Marine Engineering,Science
Materials Engineering,Science
Mechanical Systems,Science
Medical Robotics,Science
Microelectronics,Science
Microfabrication,Science
Microfluidics,Science
Microsystems Technology,Science
Mineral Engineering,Science
Molecular Engineering,Science
Nanobiotechnology,Science
Nanomaterials,Science
Nanophysics,Science
Natural Computing,Science
Neural Engineering,Science
Nuclear Engineering,Science
Ocean Technology,Science
Optical Engineering,Science
Particle Acceleration,Science
Petroleum Engineering,Science
Pharmaceutical Chemistry,Science
Photon Engineering,Science
Plasma Physics,Science
Polymer Engineering,Science
Precision Engineering,Science
Protein Engineering,Science
Quantum Electronics,Science
Quantum Information,Science
Renewable Resources,Science
Robotics Engineering,Science
Scientific Instrumentation,Science
Signal Engineering,Science
Smart Materials,Science
Software Systems,Science
Solar Physics,Science
Space Engineering,Science
Structural Mechanics,Science
Superconductivity,Science
Surface Chemistry,Science
Systems Biology,Science
Telematics,Science
Thermal Physics,Science
Transport Phenomena,Science
Turbomachinery,Science
Vibration Analysis,Science
Virtual Simulation,Science
Water Resources Engineering,Science
Wireless Systems,Science
Zoological Science,Science
Abiogenesis,Science
Acarology,Science
Acid Base Chemistry,Science
Acoustic Physics,Science
Actuarial Mathematics,Science
Adaptive Robotics,Science
Advanced Computing,Science
Advanced Electronics,Science
Advanced Genetics,Science
Aerospace Systems,Science
Agroecology,Science
Air Dynamics,Science
Algorithmic Science,Science
Analytical Instrumentation,Science
Animal Physiology,Science
Applied Ecology,Science
Applied Electronics,Science
Applied Genetics,Science
Applied Microbiology,Science
Applied Statistics,Science
Aquatic Biotechnology,Science
Artificial Organs,Science
Astrochemistry,Science
Astrodynamics,Science
Atomic Physics,Science
Automated Systems,Science
Automation Technology,Science
Bacteriology,Science
Behavioral Neuroscience,Science
Bioacoustics,Science
Bioastronomy,Science
Bioautomation,Science
Biocatalysis,Science
Bioceramics,Science
Bioclimatology,Science
Bioenergy,Science
Biofuel Technology,Science
Bioinformatics Engineering,Science
Biological Modeling,Science
Biological Systems,Science
Biomass Energy,Science
Biomechatronics,Science
Biomedical Imaging,Science
Biomonitoring,Science
Biopharmaceuticals,Science
Biophotonics,Science
Biopolymer Science,Science
Bioreactor Technology,Science
Biosafety,Science
Biosignal Processing,Science
Biothermal Engineering,Science
Botanical Science,Science
Catalytic Chemistry,Science
Cell Signaling,Science
Cellular Respiration,Science
Ceramic Engineering,Science
Chemical Informatics,Science
Chemical Physics,Science
Chemical Toxicology,Science
Chromosomal Engineering,Science
Circuit Analysis,Science
Climatology,Science
Cloud Engineering,Science
Cognitive Robotics,Science
Cold Fusion Research,Science
Comet Science,Science
Computational Engineering,Science
Computational Genomics,Science
Computer Architecture,Science
Computer Engineering,Science
Conservation Biology,Science
Construction Engineering,Science
Cosmochemistry,Science
Cosmology,Science
Cryophysics,Science
Cyber Physical Systems,Science
Data Modeling,Science
Deep Space Research,Science
Developmental Biology,Science
Diagnostic Technology,Science
Digital Engineering,Science
Digital Imaging,Science
Discrete Mathematics,Science
Disease Biology,Science
DNA Sequencing,Science
Drone Engineering,Science
Earthquake Engineering,Science
Ecological Engineering,Science
Electrical Circuits,Science
Electrobiology,Science
Electrochemical Engineering,Science
Electrochemical Cells,Science
Electromagnetic Waves,Science
Electronic Instrumentation,Science
Electronics Engineering,Science
Embryonic Research,Science
Energy Engineering,Science
Energy Harvesting,Science
Engineering Physics,Science
Environmental Chemistry,Science
Environmental Geology,Science
Evolutionary Genetics,Science
Experimental Biology,Science
Fiber Optics,Science
Field Theory,Science
Food Engineering,Science
Food Microbiology,Science
Forensic Biotechnology,Science
Forensic Chemistry,Science
Forensic Physics,Science
Functional Biology,Science
Galactic Science,Science
Gas Dynamics,Science
Genetic Mapping,Science
Genome Engineering,Science
Geobiology,Science
Geoinformatics,Science
Geomechanics,Science
Geophysics Research,Science
Green Engineering,Science
Habitat Conservation,Science
Human Genetics,Science
Human Physiology,Science
Hydraulic Systems,Science
Hydrobiology,Science
Hydrostatics,Science
Industrial Biotechnology,Science
Industrial Physics,Science
Information Engineering,Science
Infrared Technology,Science
Insect Biotechnology,Science
Integrated Circuits,Science
Intelligent Systems,Science
Laser Engineering,Science
Life Cycle Analysis,Science
Machine Intelligence,Science
Machine Systems,Science
Magnetic Field Theory,Science
Marine Biotechnology,Science
Mass Spectrometry,Science
Mathematical Computing,Science
Mathematical Statistics,Science
Mechanical Design,Science
Medical Electronics,Science
Medical Genetics,Science
Medical Physics,Science
Meteorological Science,Science
Microbial Genetics,Science
Microbial Technology,Science
Microprocessor Systems,Science
Mineral Processing,Science
Mitochondrial Biology,Science
Mobile Computing,Science
Molecular Dynamics,Science
Molecular Medicine,Science
Mutation Genetics,Science
Natural Sciences,Science
Network Systems,Science
Neural Networks,Science
Neurochemistry,Science
Neurogenetics,Science
Nuclear Technology,Science
Numerical Analysis,Science
Nutritional Biochemistry,Science
Ocean Dynamics,Science
Optical Physics,Science
Organic Analysis,Science
Particle Mechanics,Science
Pathogen Biology,Science
Petroleum Technology,Science
Pharmaceutical Biotechnology,Science
Photovoltaic Systems,Science
Physical Biology,Science
Physiological Science,Science
Planetary Engineering,Science
Polymer Science,Science
Power Electronics,Science
Power Systems,Science
Precision Robotics,Science
Predictive Modeling,Science
Protein Synthesis,Science
Quantum Algorithms,Science
Quantum Chemistry,Science
Quantum Devices,Science
Radiation Physics,Science
Remote Sensing,Science
Renewable Engineering,Science
Reproductive Biology,Science
Research Analytics,Science
Scientific Automation,Science
Scientific Computing Systems,Science
Semiconductor Engineering,Science
Smart Robotics,Science
Solar Engineering,Science
Space Robotics,Science
Spectral Analysis,Science
Statistical Mechanics,Science
Stem Cell Engineering,Science
Structural Analysis,Science
Surface Engineering,Science
Synthetic Chemistry,Science
Technical Physics,Science
Telecommunication Engineering,Science
Thermal Dynamics,Science
Thermal Systems,Science
Thermodynamic Processes,Science
Tissue Engineering,Science
Translational Medicine,Science
Transportation Engineering,Science
Wireless Engineering,Science
X Ray Technology,Science
Zoonotic Research,Science
Science,Science
Scientist,Science
Research,Science
Experiment,Science
Laboratory,Science
Innovation,Science
Discovery,Science
Technology,Science
Engineering,Science
Medicine,Science
Doctor,Science
Hospital,Science
Physics,Science
Chemistry,Science
Biology,Science
Mathematics,Science
Computer,Science
Programming,Science
Coding,Science
Software,Science
Hardware,Science
Electricity,Science
Energy,Science
Force,Science
Motion,Science
Gravity,Science
Light,Science
Sound,Science
Heat,Science
Temperature,Science
Pressure,Science
Magnet,Science
Battery,Science
Circuit,Science
Current,Science
Voltage,Science
Machine,Science
Robot,Science
Automation,Science
AI,Science
Artificial Intelligence,Science
Machine Learning,Science
Data Science,Science
Cybersecurity,Science
Internet,Science
Satellite,Science
Rocket,Science
Astronaut,Science
Space,Science
Planet,Science
Galaxy,Science
Universe,Science
Solar System,Science
Moon,Science
Sun,Science
Stars,Science
Meteor,Science
Comet,Science
Telescope,Science
Microscope,Science
DNA,Science
Genes,Science
Cells,Science
Virus,Science
Bacteria,Science
Fungi,Science
Plants,Science
Animals,Science
Human Body,Science
Heart,Science
Brain,Science
Blood,Science
Bones,Science
Muscles,Science
Kidney,Science
Lungs,Science
Nerves,Science
Digestion,Science
Respiration,Science
Photosynthesis,Science
Evolution,Science
Environment,Science
Climate,Science
Weather,Science
Rain,Science
Wind,Science
Ocean,Science
River,Science
Mountain,Science
Forest,Science
Wildlife,Science
Pollution,Science
Recycling,Science
Renewable Energy,Science
Solar Energy,Science
Wind Energy,Science
Hydropower,Science
Nuclear Energy,Science
Research Lab,Science
Scientific Method,Science
Observation,Science
Analysis,Science
Formula,Science
Equation,Science
Calculation,Science
Statistics,Science
Probability,Science
Algebra,Science
Geometry,Science
Calculus,Science
Trigonometry,Science
Computer Science,Science
Electronics,Science
Electrical Engineering,Science
Mechanical Engineering,Science
Civil Engineering,Science
Chemical Engineering,Science
Biomedical Engineering,Science
Aerospace Engineering,Science
Nanotechnology,Science
Biotechnology,Science
Genetics,Science
Microbiology,Science
Ecology,Science
Botany,Science
Zoology,Science
Anatomy,Science
Physiology,Science
Pharmacy,Science
Nursing,Science
Healthcare,Science
Forensics,Science
Food Technology,Science
Agriculture,Science
Scientific Calculator,Science
Scientific Research,Science
Innovation Center,Science
Technical Skills,Science
Problem Solving,Science
Logical Thinking,Science
Critical Thinking,Science
Analytical Skills,Science
Lab Technician,Science
Research Scientist,Science
Inventor,Science
Engineer,Science
Medical Science,Science
Health Science,Science
Clinical Research,Science
Laboratory Testing,Science
Medical Technology,Science
Digital Technology,Science
Smart Devices,Science
Smartphone,Science
Computer Network,Science
Cloud Computing,Science
Database,Science
App Development,Science
Web Development,Science
Software Engineering,Science
Operating System,Science
Microprocessor,Science
Semiconductor,Science
Drone,Science
Virtual Reality,Science
Augmented Reality,Science
3D Printing,Science
Scientific Equipment,Science
Test Tube,Science
Chemical Reaction,Science
Periodic Table,Science
Atoms,Science
Molecules,Science
Elements,Science
Compounds,Science
Organic Chemistry,Science
Inorganic Chemistry,Science
Physical Chemistry,Science
Quantum Physics,Science
Thermodynamics,Science
Optics,Science
Electromagnetism,Science
Astronomy,Science
Astrophysics,Science
Geology,Science
Meteorology,Science
Oceanography,Science
Environmental Science,Science
Marine Biology,Science
Wildlife Biology,Science
Space Exploration,Science
Innovation Technology,Science
Research Project,Science
Scientific Discovery,Science
Scientific Analysis,Science
Scientific Communication,Science
Technical Education,Science
Science Education,Science
Future Technology,Science
Advanced Technology,Science
Scientific Applications,Science
Scientific Career,Science
STEM,Science
JEE,Science
NEET,Science
MBBS,Science
BDS,Science
Engineering Entrance,Science
Medical Entrance,Science
Scientific Knowledge,Science
Technical Knowledge,Science
Science Stream,Science
Arts,Arts
Humanities,Arts
History,Arts
Geography,Arts
Political Science,Arts
Sociology,Arts
Psychology,Arts
Philosophy,Arts
Economics,Arts
Literature,Arts
English Literature,Arts
Hindi Literature,Arts
Journalism,Arts
Mass Communication,Arts
Fine Arts,Arts
Performing Arts,Arts
Music,Arts
Dance,Arts
Theatre,Arts
Drama,Arts
Acting,Arts
Painting,Arts
Sketching,Arts
Drawing,Arts
Photography,Arts
Fashion Design,Arts
Interior Design,Arts
Graphic Design,Arts
Animation,Arts
Creative Writing,Arts
Poetry,Arts
Storytelling,Arts
Public Speaking,Arts
Communication Skills,Arts
Social Work,Arts
Law,Arts
Civil Services,Arts
UPSC,Arts
Teaching,Arts
Professor,Arts
Counseling,Arts
Tourism,Arts
Hotel Management,Arts
Event Management,Arts
Media Studies,Arts
Film Studies,Arts
Archaeology,Arts
Anthropology,Arts
Cultural Studies,Arts
Linguistics,Arts
Ethics,Arts
Human Behavior,Arts
World History,Arts
Indian History,Arts
Ancient History,Arts
Modern History,Arts
Civics,Arts
Public Administration,Arts
International Relations,Arts
Social Science,Arts
Human Rights,Arts
Gender Studies,Arts
Religious Studies,Arts
Foreign Languages,Arts
Translation,Arts
Content Writing,Arts
Blogging,Arts
Script Writing,Arts
Screenwriting,Arts
Video Editing,Arts
Film Making,Arts
Radio Jockey,Arts
News Reporting,Arts
Anchoring,Arts
Advertising,Arts
IPS officer,Arts
officer,Arts
IAS officer,Arts
Public Relations,Arts
Marketing Communication,Arts
Creative Thinking,Arts
Critical Thinking,Arts
Debate,Arts
Leadership,Arts
Personality Development,Arts
Career Counseling,Arts
Education,Arts
Teaching Skills,Arts
Research Writing,Arts
Essay Writing,Arts
Social Awareness,Arts
Cultural Heritage,Arts
Fashion Illustration,Arts
Textile Design,Arts
Art History,Arts
Visual Arts,Arts
Craft Design,Arts
Music Production,Arts
Singing,Arts
Instrumental Music,Arts
Classical Dance,Arts
Contemporary Dance,Arts
Stage Performance,Arts
Creative Arts,Arts
Social Media Management,Arts
Digital Media,Arts
Media Production,Arts
Documentary Making,Arts
Travel Writing,Arts
Journal Writing,Arts
Editing,Arts
Publishing,Arts
Print Media,Arts
Broadcast Media,Arts
Human Development,Arts
Child Psychology,Arts
Clinical Psychology,Arts
Social Psychology,Arts
Political Theory,Arts
Constitution,Arts
Legal Studies,Arts
Judiciary,Arts
Criminology,Arts
Peace Studies,Arts
Public Policy,Arts
Governance,Arts
Community Service,Arts
NGO Management,Arts
Rural Development,Arts
Urban Studies,Arts
Environment Studies,Arts
Disaster Management,Arts
Library Science,Arts
Museum Studies,Arts
Fashion Styling,Arts
Makeup Artistry,Arts
Beauty Industry,Arts
Art Therapy,Arts
Motivational Speaking,Arts
Media Ethics,Arts
Creative Industry,Arts
Culture and Society,Arts
Sculpture,Arts
Calligraphy,Arts
Illustration,Arts
Design Thinking,Arts
Communication Design,Arts
Visual Communication,Arts
Digital Art,Arts
Creative Design,Arts
Storyboarding,Arts
Voice Acting,Arts
Content Creation,Arts
Social Media Influencer,Arts
Podcasting,Arts
Media Journalism,Arts
Travel and Tourism,Arts
Hospitality,Arts
Lifestyle Blogging,Arts
Creative Expression,Arts
Soft Skills,Arts
Emotional Intelligence,Arts
Human Values,Arts
World Politics,Arts
Economic Policies,Arts
Foreign Policy,Arts
Legal Awareness,Arts
Civil Law,Arts
Criminal Law,Arts
Psychiatrist,Arts
Therapist,Arts
Counselor,Arts
Career Coach,Arts
Historian,Arts
Writer,Arts
Novelist,Arts
Poet,Arts
Artist,Arts
Actor,Arts
Director,Arts
Journalist,Arts
Anchor,Arts
Designer,Arts
Photographer,Arts
Editor,Arts
Social Activist,Arts
Political Analyst,Arts
Fashion Designer,Arts
Interior Decorator,Arts
Language Expert,Arts
Media Analyst,Arts
Event Planner,Arts
Tour Guide,Arts
Teacher,Arts
Lecturer,Arts
Professor,Arts
Civil Servant,Arts
Research Scholar,Arts
Cultural Research,Arts
Human Resource,Arts
Advertising Agency,Arts
Brand Communication,Arts
Film Industry,Arts
Entertainment Industry,Arts
Creative Industry Skills,Arts
Aesthetics,Arts
Art Appreciation,Arts
Art Criticism,Arts
Art Education,Arts
Art Exhibition,Arts
Art Gallery,Arts
Art Restoration,Arts
Art Collection,Arts
Art Management,Arts
Art Direction,Arts
Art Production,Arts
Art Journalism,Arts
Art Research,Arts
Art Documentation,Arts
Art Consultation,Arts
Art Workshop,Arts
Art Studio,Arts
Art Curation,Arts
Art Marketing,Arts
Art Publishing,Arts
Applied Arts,Arts
Abstract Art,Arts
Modern Art,Arts
Contemporary Art,Arts
Folk Art,Arts
Traditional Art,Arts
Visual Storytelling,Arts
Character Design,Arts
Creative Illustration,Arts
Concept Art,Arts
Poster Design,Arts
Typography,Arts
Print Design,Arts
Digital Illustration,Arts
Motion Graphics,Arts
Set Design,Arts
Costume Design,Arts
Production Design,Arts
Creative Production,Arts
Stage Design,Arts
Stage Direction,Arts
Theatrical Performance,Arts
Mime Art,Arts
Performance Studies,Arts
Music Composition,Arts
Music Theory,Arts
Sound Design,Arts
Audio Production,Arts
Voice Training,Arts
Voice Modulation,Arts
Film Criticism,Arts
Cinema Studies,Arts
Film Editing,Arts
Cinematography,Arts
Direction Studies,Arts
Media Research,Arts
Media Psychology,Arts
Media Planning,Arts
Media Strategy,Arts
Media Management,Arts
News Analysis,Arts
News Production,Arts
News Editing,Arts
Documentary Studies,Arts
Creative Journalism,Arts
Investigative Journalism,Arts
Photojournalism,Arts
Editorial Writing,Arts
Copywriting,Arts
Feature Writing,Arts
Technical Writing,Arts
Publishing Studies,Arts
Editorial Management,Arts
Creative Publishing,Arts
Book Editing,Arts
Literary Analysis,Arts
Comparative Literature,Arts
Language Studies,Arts
Communication Theory,Arts
Interpersonal Communication,Arts
Corporate Communication,Arts
Political Communication,Arts
Strategic Communication,Arts
Development Communication,Arts
Cross Cultural Studies,Arts
Human Geography,Arts
Population Studies,Arts
Urban Sociology,Arts
Rural Sociology,Arts
Behavioral Studies,Arts
Cultural Anthropology,Arts
Social Anthropology,Arts
Political Sociology,Arts
Economic Sociology,Arts
Family Studies,Arts
Youth Studies,Arts
Gender Equality,Arts
Social Justice,Arts
Peace and Conflict Studies,Arts
Diplomatic Studies,Arts
Public Governance,Arts
Administrative Studies,Arts
Policy Analysis,Arts
International Diplomacy,Arts
Global Studies,Arts
Constitutional Studies,Arts
Parliamentary Studies,Arts
Election Studies,Arts
Judicial Studies,Arts
Legal Research,Arts
Advocacy Skills,Arts
Public Advocacy,Arts
Social Campaigning,Arts
Community Leadership,Arts
Volunteer Management,Arts
Nonprofit Management,Arts
Welfare Studies,Arts
Humanitarian Studies,Arts
Rehabilitation Studies,Arts
Mental Wellness,Arts
Guidance Counseling,Arts
Behavioral Counseling,Arts
Educational Counseling,Arts
Career Psychology,Arts
Industrial Psychology,Arts
Organizational Psychology,Arts
Consumer Psychology,Arts
Forensic Psychology,Arts
Positive Psychology,Arts
Cognitive Psychology,Arts
Developmental Psychology,Arts
Educational Philosophy,Arts
Ethical Studies,Arts
Moral Philosophy,Arts
Logic and Reasoning,Arts
Ancient Philosophy,Arts
Modern Philosophy,Arts
Comparative Religion,Arts
Spiritual Studies,Arts
Mythology Studies,Arts
Heritage Conservation,Arts
Museum Management,Arts
Archive Studies,Arts
Historical Research,Arts
Historical Documentation,Arts
Genealogy,Arts
Cultural Preservation,Arts
Tourism Studies,Arts
Travel Management,Arts
Hospitality Services,Arts
Luxury Management,Arts
Event Coordination,Arts
Wedding Planning,Arts
Fashion Communication,Arts
Fashion Merchandising,Arts
Fashion Marketing,Arts
Jewelry Design,Arts
Accessory Design,Arts
Lifestyle Design,Arts
Beauty Communication,Arts
Image Consulting,Arts
Personal Styling,Arts
Visual Merchandising,Arts
Brand Styling,Arts
Creative Entrepreneurship,Arts
Startup Branding,Arts
Content Strategy,Arts
Influencer Marketing,Arts
Creative Consulting,Arts
Creative Entrepreneurship Skills,Arts
Presentation Design,Arts
Speech Writing,Arts
Debating Skills,Arts
Negotiation Skills,Arts
Leadership Communication,Arts
Emotional Development,Arts
Personality Analysis,Arts
Life Coaching,Arts
Motivational Training,Arts
Public Engagement,Arts
Audience Analysis,Arts
Creative Campaigning,Arts
Social Awareness Campaign,Arts
Community Development,Arts
Cultural Management,Arts
Festival Management,Arts
Entertainment Management,Arts
Sports Management,Arts
Creative Economy,Arts
Digital Humanities,Arts
Human Centered Design,Arts
Interactive Media,Arts
Creative Technologies,Arts
Virtual Production,Arts
Media Innovation,Arts
Audience Research,Arts
Consumer Culture,Arts
Visual Culture,Arts
Digital Storytelling,Arts
Creative Content,Arts
Narrative Design,Arts
Idea Development,Arts
Creative Research,Arts
Creative Planning,Arts
Creative Collaboration,Arts
Creative Communication Skills,Arts
Artistic Expression,Arts
Imagination Skills,Arts
Observation Skills,Arts
Creative Problem Solving,Arts
Interpretation Skills,Arts
Cultural Literacy,Arts
Human Understanding,Arts
Social Observation,Arts
Creative Leadership,Arts
Creative Thinking Skills,Arts
Analytical Writing,Arts
Expressive Writing,Arts
Reflective Writing,Arts
Professional Ethics,Arts
Media Law,Arts
Communication Ethics,Arts
Creative Exploration,Arts
Arts Stream,Arts
Humanities Stream,Arts
Social Studies,Arts
Civics,Arts
Culture,Arts
Society,Arts
Languages,Arts
Reading,Arts
Writing,Arts
Essay,Arts
Speech,Arts
Debate,Arts
Presentation,Arts
Creativity,Arts
Imagination,Arts
Knowledge,Arts
Understanding,Arts
Awareness,Arts
Communication,Arts
Expression,Arts
Ideas,Arts
Opinions,Arts
Discussions,Arts
Current Affairs,Arts
General Knowledge,Arts
Ethics,Arts
Values,Arts
Leadership,Arts
Personality,Arts
Confidence,Arts
Motivation,Arts
Learning,Arts
Teaching,Arts
Education,Arts
School,Arts
College,Arts
University,Arts
Research,Arts
Projects,Arts
Assignments,Arts
Seminars,Arts
Workshops,Arts
Books,Arts
Novels,Arts
Stories,Arts
Poems,Arts
Articles,Arts
Magazines,Arts
Newspapers,Arts
Media,Arts
Television,Arts
Radio,Arts
Cinema,Arts
Entertainment,Arts
Art,Arts
Craft,Arts
Drawing,Arts
Coloring,Arts
Painting Skills,Arts
Handwriting,Arts
Sketch Art,Arts
Creativity Skills,Arts
Design,Arts
Fashion,Arts
Photography Skills,Arts
Editing Skills,Arts
Writing Skills,Arts
Language Skills,Arts
Speaking Skills,Arts
Listening Skills,Arts
Reading Skills,Arts
Social Skills,Arts
Soft Skills,Arts
Counseling Skills,Arts
Management Skills,Arts
Public Interaction,Arts
People Management,Arts
Public Relations,Arts
Advertising Skills,Arts
Marketing Skills,Arts
Content Creation,Arts
Content Editing,Arts
News Writing,Arts
Report Writing,Arts
Script Writing Skills,Arts
Creative Projects,Arts
Event Planning,Arts
Travel Knowledge,Arts
Hospitality Skills,Arts
Tourism Industry,Arts
Culture Studies,Arts
World Culture,Arts
Indian Culture,Arts
History Knowledge,Arts
Political Knowledge,Arts
Law Awareness,Arts
Human Rights Awareness,Arts
Social Awareness,Arts
Mental Health Awareness,Arts
Youth Development,Arts
Community Service,Arts
Volunteer Work,Arts
Social Responsibility,Arts
Public Welfare,Arts
NGO Work,Arts
Civil Services Preparation,Arts
Government Exams,Arts
UPSC Preparation,Arts
Teaching Career,Arts
Professor Career,Arts
Law Career,Arts
Media Career,Arts
Journalism Career,Arts
Writing Career,Arts
Creative Career,Arts
Psychology Career,Arts
Social Work Career,Arts
Public Speaking Skills,Arts
Interview Skills,Arts
Communication Training,Arts
Leadership Training,Arts
Creative Activities,Arts
Art Competitions,Arts
Dance Performance,Arts
Music Performance,Arts
Drama Activities,Arts
Stage Activities,Arts
Anchoring Skills,Arts
Hosting Skills,Arts
Event Hosting,Arts
Creative Expression Skills,Arts
Language Development,Arts
Personality Growth,Arts
Career Development,Arts
Educational Guidance,Arts
Human Behavior Studies,Arts
Society Studies,Arts
Political Awareness,Arts
Economic Awareness,Arts
Geographical Knowledge,Arts
Historical Knowledge,Arts
Cultural Knowledge,Arts
Traditional Knowledge,Arts
Creative Learning,Arts
Life Skills,Arts
Emotional Skills,Arts
Problem Solving Skills,Arts
Decision Making,Arts
Observation Skills,Arts
Analytical Skills,Arts
Teamwork,Arts
Coordination,Arts
Planning Skills,Arts
Organization Skills,Arts
Community Interaction,Arts
Professional Communication,Arts
Career Opportunities,Arts
Job Preparation,Arts
Internship Programs,Arts
Cultural Events,Arts
Student Activities,Arts
Academic Activities,Arts
Creative Workshops,Arts
Social Campaigns,Arts
Awareness Programs,Arts
Educational Programs,Arts
Leadership Programs,Arts
Motivational Sessions,Arts
Self Development,Arts
Personal Growth,Arts
Creative Confidence,Arts
Academic Excellence,Arts
Social Understanding,Arts
Engineering,Science
Medical,Science
Healthcare,Science
Doctor,Science
Surgeon,Science
Dentist,Science
Pharmacist,Science
Nursing,Science
Physiotherapy,Science
Radiology,Science
Pathology,Science
Biotechnology,Science
Microbiology,Science
Biochemistry,Science
Genetics,Science
Bioinformatics,Science
Forensic Science,Science
Food Technology,Science
Agricultural Science,Science
Veterinary Science,Science
Environmental Science,Science
Marine Biology,Science
Wildlife Biology,Science
Neuroscience,Science
Biomedical Science,Science
Biomedical Engineering,Science
Clinical Research,Science
Medical Laboratory,Science
Research Scientist,Science
Lab Technician,Science
Data Scientist,Science
AI Engineer,Science
Machine Learning,Science
Robotics,Science
Automation,Science
Cybersecurity,Science
Cloud Computing,Science
Software Development,Science
Programming,Science
Coding,Science
Computer Applications,Science
Computer Engineering,Science
Information Technology,Science
BCA,Science
BSc IT,Science
BSc Computer Science,Science
Artificial Intelligence,Science
Data Analytics,Science
Full Stack Development,Science
App Development,Science
Web Development,Science
Game Development,Science
UI UX Design,Science
Ethical Hacking,Science
Blockchain,Science
IoT,Science
Internet of Things,Science
Quantum Computing,Science
Nanotechnology,Science
Aerospace Engineering,Science
Aeronautical Engineering,Science
Mechanical Engineering,Science
Civil Engineering,Science
Electrical Engineering,Science
Electronics Engineering,Science
Chemical Engineering,Science
Industrial Engineering,Science
Petroleum Engineering,Science
Architecture,Science
Urban Planning,Science
Interior Design,Science
Product Design,Science
Animation,Science
Graphic Design,Science
Scientific Research,Science
Scientific Innovation,Science
Laboratory Research,Science
Scientific Discovery,Science
Space Research,Science
Astronomy,Science
Astrophysics,Science
Rocket Science,Science
Satellite Technology,Science
Drone Technology,Science
Renewable Energy,Science
Solar Technology,Science
Wind Energy,Science
Hydropower,Science
Nuclear Science,Science
Geology,Science
Meteorology,Science
Oceanography,Science
Climate Science,Science
Ecology,Science
Physics Research,Science
Chemical Analysis,Science
Molecular Biology,Science
Cell Biology,Science
Genomics,Science
Stem Cell Research,Science
Cancer Research,Science
Public Health,Science
Healthcare Management,Science
Hospital Administration,Science
Medical Imaging,Science
Medical Coding,Science
Medical Technology,Science
Health Informatics,Science
Nutrition Science,Science
Food Chemistry,Science
Food Processing,Science
Pharmaceutical Research,Science
Drug Discovery,Science
Toxicology,Science
Immunology,Science
Virology,Science
Parasitology,Science
Biostatistics,Science
Computational Biology,Science
Computational Physics,Science
Scientific Computing,Science
Mathematical Modeling,Science
Applied Mathematics,Science
Statistics,Science
Probability,Science
Actuarial Science,Science
Financial Technology,Science
FinTech,Science
Technical Education,Science
STEM Education,Science
Engineering Graphics,Science
CAD Design,Science
3D Modeling,Science
Embedded Systems,Science
Microprocessors,Science
Semiconductors,Science
Signal Processing,Science
Digital Electronics,Science
Analog Electronics,Science
Wireless Communication,Science
Telecommunication,Science
Network Engineering,Science
Database Systems,Science
Operating Systems,Science
Software Testing,Science
DevOps,Science
System Administration,Science
Computer Networking,Science
Research Internship,Science
Scientific Projects,Science
Innovation Lab,Science
Science Exhibition,Science
JEE,Science
NEET,Science
BITSAT,Science
VITEEE,Science
Medical Entrance,Science
Engineering Entrance,Science
BTech,Science
BE,Science
MBBS,Science
BDS,Science
BAMS,Science
BHMS,Science
BPharm,Science
DPharm,Science
BSc Nursing,Science
BPT,Science
BArch,Science
BSc Biotechnology,Science
BSc Physics,Science
BSc Chemistry,Science
BSc Mathematics,Science
BSc Statistics,Science
BSc Agriculture,Science
BSc Zoology,Science
BSc Botany,Science
BSc Environmental Science,Science
BSc Data Science,Science
BSc AI,Science
Scientific Temper,Science
Critical Thinking,Science
Analytical Skills,Science
Logical Reasoning,Science
Problem Solving,Science
Technical Skills,Science
Research Methodology,Science
Innovation Skills,Science
Future Technology,Science
Industrial Automation,Science
Smart Technology,Science
Scientific Applications,Science
Advanced Computing,Science
Career Opportunities,Science
Technology Industry,Science
Healthcare Industry,Science
Pharmaceutical Industry,Science
Research Industry,Science
Engineering Industry,Science
IT Industry,Science
Space Industry,Science
Defense Technology,Science
Scientific Career,Science
Science Stream,Science
PCM,Science
PCB,Science
PCMB,Science
Commerce,Commerce
Accounting,Commerce
Finance,Commerce
Business,Commerce
Management,Commerce
Banking,Commerce
Economics,Commerce
Marketing,Commerce
Taxation,Commerce
Auditing,Commerce
Investment,Commerce
Trading,Commerce
Insurance,Commerce
Retail,Commerce
Sales,Commerce
Entrepreneurship,Commerce
Business Studies,Commerce
Business Law,Commerce
Corporate Law,Commerce
Company Law,Commerce
Commercial Law,Commerce
Financial Accounting,Commerce
Cost Accounting,Commerce
Management Accounting,Commerce
Bookkeeping,Commerce
Business Mathematics,Commerce
Statistics,Commerce
Business Economics,Commerce
Microeconomics,Commerce
Macroeconomics,Commerce
Financial Management,Commerce
Corporate Finance,Commerce
Financial Planning,Commerce
Financial Analysis,Commerce
Financial Reporting,Commerce
Business Analytics,Commerce
Commercial Studies,Commerce
Business Communication,Commerce
Human Resource,Commerce
Operations Management,Commerce
Supply Chain,Commerce
Logistics,Commerce
International Business,Commerce
Foreign Trade,Commerce
Import Export,Commerce
E Commerce,Commerce
Digital Business,Commerce
Online Business,Commerce
Business Administration,Commerce
Retail Management,Commerce
Advertising,Commerce
Public Relations,Commerce
Customer Service,Commerce
Business Strategy,Commerce
Leadership,Commerce
Organizational Behavior,Commerce
Market Research,Commerce
Consumer Behavior,Commerce
Brand Management,Commerce
Business Ethics,Commerce
Commercial Awareness,Commerce
Investment Banking,Commerce
Stock Market,Commerce
Share Market,Commerce
Mutual Funds,Commerce
Portfolio Management,Commerce
Risk Management,Commerce
Asset Management,Commerce
Wealth Management,Commerce
Credit Management,Commerce
Loan Processing,Commerce
Bank Operations,Commerce
Commercial Banking,Commerce
Retail Banking,Commerce
Merchant Banking,Commerce
Financial Services,Commerce
Insurance Services,Commerce
Tax Planning,Commerce
GST,Commerce
Income Tax,Commerce
Direct Tax,Commerce
Indirect Tax,Commerce
Payroll,Commerce
Invoice,Commerce
Ledger,Commerce
Trial Balance,Commerce
Balance Sheet,Commerce
Profit and Loss,Commerce
Cash Flow,Commerce
Assets,Commerce
Liabilities,Commerce
Capital,Commerce
Revenue,Commerce
Expenses,Commerce
Budgeting,Commerce
Forecasting,Commerce
Financial Statements,Commerce
Business Reports,Commerce
Auditor,Commerce
Accountant,Commerce
Tax Consultant,Commerce
Investment Advisor,Commerce
Financial Advisor,Commerce
Bank Manager,Commerce
Relationship Manager,Commerce
Sales Executive,Commerce
Marketing Executive,Commerce
HR Executive,Commerce
Business Consultant,Commerce
Data Analyst,Commerce
Business Analyst,Commerce
Market Analyst,Commerce
Financial Analyst,Commerce
Risk Analyst,Commerce
Credit Analyst,Commerce
Loan Officer,Commerce
Insurance Agent,Commerce
Stock Broker,Commerce
Investment Consultant,Commerce
Management Consultant,Commerce
Retail Manager,Commerce
Store Manager,Commerce
Operations Executive,Commerce
Supply Chain Manager,Commerce
Logistics Manager,Commerce
Export Manager,Commerce
Import Manager,Commerce
Customer Relations,Commerce
Client Handling,Commerce
Negotiation Skills,Commerce
Presentation Skills,Commerce
Communication Skills,Commerce
Professional Ethics,Commerce
Business Environment,Commerce
Corporate Governance,Commerce
Business Development,Commerce
Commercial Activities,Commerce
Corporate Sector,Commerce
Private Sector,Commerce
Public Sector,Commerce
Startup,Commerce
Business Model,Commerce
Business Growth,Commerce
Business Expansion,Commerce
Franchise,Commerce
Commercial Operations,Commerce
Trade Operations,Commerce
Inventory Management,Commerce
Procurement,Commerce
Vendor Management,Commerce
Office Administration,Commerce
Office Management,Commerce
Corporate Communication,Commerce
Business Networking,Commerce
Digital Marketing,Commerce
SEO,Commerce
Social Media Marketing,Commerce
Email Marketing,Commerce
Content Marketing,Commerce
Affiliate Marketing,Commerce
Influencer Marketing,Commerce
Advertising Agency,Commerce
Brand Promotion,Commerce
Sales Promotion,Commerce
Business Promotion,Commerce
Commercial Finance,Commerce
Economic Policies,Commerce
Fiscal Policy,Commerce
Monetary Policy,Commerce
Demand,Commerce
Supply,Commerce
Inflation,Commerce
GDP,Commerce
Economic Growth,Commerce
Commercial Geography,Commerce
Business Research,Commerce
Commercial Research,Commerce
Economic Research,Commerce
International Trade,Commerce
Foreign Exchange,Commerce
Forex,Commerce
Commercial Documentation,Commerce
Business Documentation,Commerce
Financial Documentation,Commerce
Corporate Reporting,Commerce
Business Intelligence,Commerce
Data Visualization,Commerce
MIS,Commerce
ERP,Commerce
SAP,Commerce
Tally,Commerce
QuickBooks,Commerce
Zoho Books,Commerce
Excel,Commerce
Spreadsheet,Commerce
Accounting Software,Commerce
Business Technology,Commerce
FinTech,Commerce
Cryptocurrency,Commerce
Blockchain,Commerce
Digital Payments,Commerce
UPI,Commerce
Payment Gateway,Commerce
Mobile Banking,Commerce
Internet Banking,Commerce
Commercial Transactions,Commerce
Business Transactions,Commerce
Customer Satisfaction,Commerce
Customer Retention,Commerce
Lead Generation,Commerce
Revenue Generation,Commerce
Business Productivity,Commerce
Corporate Planning,Commerce
Strategic Planning,Commerce
Business Decisions,Commerce
Decision Making,Commerce
Problem Solving,Commerce
Critical Thinking,Commerce
Analytical Skills,Commerce
Commerce Stream,Commerce
BCom,Commerce
MCom,Commerce
BBA,Commerce
MBA,Commerce
CA,Commerce
CS,Commerce
CMA,Commerce
CFA,Commerce
ACCA,Commerce
Bank PO,Commerce
SSC CGL,Commerce
RBI,Commerce
SEBI,Commerce
NSE,Commerce
BSE,Commerce
Business Careers,Commerce
Finance Careers,Commerce
Accounting Careers,Commerce
Marketing Careers,Commerce
Banking Careers,Commerce
Management Careers,Commerce
Commerce Education,Commerce
Business Education,Commerce
Commercial Skills,Commerce
Financial Literacy,Commerce
Professional Development,Commerce
Career Planning,Commerce
Entrepreneurial Skills,Commerce
Corporate Culture,Commerce
Business Innovation,Commerce
Economic Development,Commerce
Trade Commerce,Commerce
Retail Commerce,Commerce
Commercial Sector,Commerce
Business Opportunities,Commerce
Commercial Success,Commerce
Business Leadership,Commerce
Trade Finance,Commerce
Commercial Management,Commerce
Enterprise Management,Commerce
Commercial Services,Commerce
Business Services,Commerce
Corporate Services,Commerce
Accounting Principles,Commerce
Commerce Industry,Commerce
Business Processes,Commerce
Economic Systems,Commerce
Commercial Organizations,Commerce
Trade Policies,Commerce
Commercial Regulations,Commerce
Corporate Affairs,Commerce
Financial Institutions,Commerce
Investment Strategies,Commerce
Business Forecasting,Commerce
Economic Analysis,Commerce
Commercial Intelligence,Commerce
Corporate Strategy,Commerce
Business Performance,Commerce
Market Competition,Commerce
Trade Analysis,Commerce
Commercial Productivity,Commerce
Financial Stability,Commerce
Economic Stability,Commerce
Corporate Accountability,Commerce
Commercial Transparency,Commerce
Business Compliance,Commerce
Commercial Compliance,Commerce
Trade Licensing,Commerce
Business Licensing,Commerce
Corporate Registration,Commerce
Enterprise Development,Commerce
Startup Ecosystem,Commerce
Business Funding,Commerce
Venture Capital,Commerce
Angel Investment,Commerce
Business Consulting,Commerce
Strategic Management,Commerce
Consumer Marketing,Commerce
Retail Industry,Commerce
Commercial Economy,Commerce
Global Business,Commerce
International Marketing,Commerce
Business Workflow,Commerce
Commercial Planning,Commerce
Professional Accounting,Commerce
Commercial Banking Services,Commerce
Business Administration Skills,Commerce
Corporate Management,Commerce
Financial Operations,Commerce
Trade Management,Commerce
Business Resources,Commerce
Commercial Metrics,Commerce
Economic Indicators,Commerce
Financial Monitoring,Commerce
Business Evaluation,Commerce
Commercial Evaluation,Commerce
Corporate Excellence,Commerce
Business Advancement,Commerce
Commercial Advancement,Commerce
Corporate Development,Commerce
Arts Stream,Arts
Humanities,Arts
Literature,Arts
History,Arts
Geography,Arts
Psychology,Arts
Sociology,Arts
Philosophy,Arts
Political Science,Arts
Fine Arts,Arts
Performing Arts,Arts
Visual Arts,Arts
Applied Arts,Arts
Creative Arts,Arts
Liberal Arts,Arts
Social Sciences,Arts
Language Studies,Arts
Public Administration,Arts
Anthropology,Arts
Archaeology,Arts
Cultural Studies,Arts
Media Studies,Arts
Film Studies,Arts
Communication Studies,Arts
Design Studies,Arts
Fashion Studies,Arts
Interior Studies,Arts
Travel Studies,Arts
Tourism Studies,Arts
Hospitality Studies,Arts
Library Science,Arts
Education Studies,Arts
Human Development,Arts
Behavioral Studies,Arts
Public Policy,Arts
International Relations,Arts
Governance,Arts
Diplomacy,Arts
Journalism,Arts
Mass Media,Arts
Digital Media,Arts
Print Media,Arts
Broadcast Media,Arts
Social Media,Arts
Content Writing,Arts
Blog Writing,Arts
Copywriting,Arts
Creative Writing,Arts
Script Writing,Arts
Screenwriting,Arts
Poetry Writing,Arts
Novel Writing,Arts
Story Writing,Arts
Editing,Arts
Publishing,Arts
Translation,Arts
Proofreading,Arts
Anchoring,Arts
News Reporting,Arts
Public Speaking,Arts
Debating,Arts
Presentation Skills,Arts
Communication Skills,Arts
Leadership Skills,Arts
Personality Development,Arts
Critical Thinking,Arts
Creative Thinking,Arts
Decision Making,Arts
Problem Solving,Arts
Observation Skills,Arts
Analytical Skills,Arts
Emotional Intelligence,Arts
Social Awareness,Arts
Cultural Awareness,Arts
Historical Awareness,Arts
Political Awareness,Arts
Economic Awareness,Arts
Ethical Thinking,Arts
Moral Values,Arts
Human Rights,Arts
Gender Studies,Arts
Peace Studies,Arts
Conflict Resolution,Arts
Social Welfare,Arts
Community Service,Arts
NGO Management,Arts
Rural Development,Arts
Urban Development,Arts
Public Service,Arts
Civil Services,Arts
UPSC,Arts
State PCS,Arts
Teaching,Arts
Lecturer,Arts
Professor,Arts
School Counselor,Arts
Career Counselor,Arts
Psychologist,Arts
Therapist,Arts
Social Worker,Arts
Legal Advisor,Arts
Law Studies,Arts
Criminal Law,Arts
Civil Law,Arts
Constitutional Law,Arts
Judiciary,Arts
Advocacy,Arts
Legal Research,Arts
Court Studies,Arts
Fashion Design,Arts
Textile Design,Arts
Jewelry Design,Arts
Graphic Design,Arts
Animation Design,Arts
UI Design,Arts
UX Design,Arts
Illustration,Arts
Photography,Arts
Photo Editing,Arts
Video Editing,Arts
Film Production,Arts
Cinematography,Arts
Direction,Arts
Acting,Arts
Theatre Arts,Arts
Dance Studies,Arts
Music Studies,Arts
Vocal Music,Arts
Instrumental Music,Arts
Music Production,Arts
Sound Engineering,Arts
Creative Production,Arts
Event Management,Arts
Wedding Planning,Arts
Hotel Administration,Arts
Travel Management,Arts
Airline Hospitality,Arts
Customer Relations,Arts
Brand Communication,Arts
Advertising,Arts
Marketing Communication,Arts
Public Relations,Arts
Corporate Communication,Arts
Influencer Marketing,Arts
Digital Branding,Arts
Content Creation,Arts
Podcasting,Arts
Voice Acting,Arts
Media Production,Arts
Documentary Making,Arts
Travel Blogging,Arts
Lifestyle Blogging,Arts
Fashion Blogging,Arts
Art Appreciation,Arts
Art Curation,Arts
Museum Management,Arts
Heritage Management,Arts
Archive Studies,Arts
Cultural Heritage,Arts
Ancient Civilizations,Arts
World Politics,Arts
International Affairs,Arts
Foreign Policy,Arts
Social Psychology,Arts
Clinical Psychology,Arts
Counseling Psychology,Arts
Educational Psychology,Arts
Industrial Psychology,Arts
Behavioral Psychology,Arts
Child Development,Arts
Youth Development,Arts
Family Studies,Arts
Human Behavior,Arts
Social Research,Arts
Survey Analysis,Arts
Research Writing,Arts
Essay Writing,Arts
Editorial Writing,Arts
Feature Writing,Arts
Media Ethics,Arts
Journalistic Ethics,Arts
Political Theory,Arts
Democracy,Arts
Governance Systems,Arts
Election Studies,Arts
Parliamentary Studies,Arts
Public Administration Systems,Arts
Creative Entrepreneurship,Arts
Startup Branding,Arts
Creative Consulting,Arts
Design Thinking,Arts
Visual Communication,Arts
Human Centered Design,Arts
Lifestyle Management,Arts
Beauty and Wellness,Arts
Image Consulting,Arts
Personal Styling,Arts
Fashion Merchandising,Arts
Retail Styling,Arts
Luxury Brand Management,Arts
Creative Direction,Arts
Art Therapy,Arts
Speech Training,Arts
Voice Modulation,Arts
Communication Training,Arts
Stage Performance,Arts
Creative Expression,Arts
Narrative Building,Arts
Storytelling Skills,Arts
Academic Research,Arts
Cultural Research,Arts
Media Research,Arts
Creative Research,Arts
Travel Journalism,Arts
Sports Journalism,Arts
Investigative Journalism,Arts
Photojournalism,Arts
Social Campaigning,Arts
Awareness Campaigns,Arts
Community Leadership,Arts
Volunteer Programs,Arts
Nonprofit Organizations,Arts
Educational Administration,Arts
Training and Development,Arts
Professional Ethics,Arts
Human Values,Arts
Comparative Religion,Arts
Spiritual Studies,Arts
Philosophical Studies,Arts
Ancient Philosophy,Arts
Modern Philosophy,Arts
Logical Reasoning,Arts
Creative Industries,Arts
Entertainment Industry,Arts
Publishing Industry,Arts
Media Industry,Arts
Tourism Industry,Arts
Fashion Industry,Arts
Education Industry,Arts
Social Sector,Arts
Public Sector,Arts
Government Services,Arts
Creative Careers,Arts
Humanities Careers,Arts
Arts Education,Arts
Career Planning,Arts
Professional Development,Arts
Soft Skills,Arts
Interpersonal Skills,Arts
Networking Skills,Arts
Negotiation Skills,Arts
Audience Engagement,Arts
Creative Confidence,Arts
Self Development,Arts
Personal Growth,Arts
Life Skills,Arts
Student Development,Arts
Creative Learning,Arts
Academic Excellence,Arts
